"country","text"
"France","France is a world-renowned destination that attracts millions of tourists every year. Known for its rich history, gastronomy, art and fashion, France is a country that offers a unique blend of sophistication, culture and natural beauty.  With its varied landscapes, world-class museums and countless attractions, France is a must-see destination for any traveller."
"Japan","Japan is a captivating destination that offers visitors a fascinating blend of ancient traditions and modern innovations. Known for its stunning natural beauty, delicious cuisine and unique culture, Japan is a country that leaves a lasting impression on all who visit. Japan offers a diverse range of experiences to suit all interests. Visitors can indulge in the country's famous sushi, marvel at the cherry blossoms in spring and explore the rich history and architecture of the country's temples and shrines."
"USA","The United States of America is a vast and diverse country that offers visitors a multitude of experiences and attractions. The United States is a destination that caters to all interests. Visitors can discover the country's rich history and culture through its museums and monuments, indulge in its diverse cuisine and enjoy its world-class entertainment. The country's breathtaking natural landscapes are also not to be missed."
"South Korea","South Korea is a fascinating and dynamic country that offers visitors a unique blend of ancient traditions and modern innovations. Known for its delicious cuisine, cutting-edge technology and K-pop music, South Korea is a destination that has something for everyone. Visitors can explore the country's rich history and culture through its temples, palaces and museums, discover the vibrant nightlife of its bustling cities, and indulge in its world-renowned beauty and skincare products. South Korea is also a country of great natural beauty, with breathtaking scenery."
"China","China is a country with a rich history and diverse culture that offers visitors an unforgettable travel experience. The country is home to countless sites that tell the story of its past. Visitors can also explore the modern metropolises, indulge in the delicious cuisine that varies by region, and discover the country's fascinating traditions. China is also a land of natural beauty that will leave visitors breathless."
"United Kingdom","The UK is a destination that offers visitors a rich mix of history, culture and natural beauty. The UK is a country that caters for all interests. Visitors can explore the country's world-famous landmarks, indulge in its varied cuisine and discover its renowned art and music scene. The UK is also a country of great natural beauty, with stunning coastlines, mountains and national parks to explore."
"Australia","Australia is a vast and diverse country that offers visitors a unique blend of adventure, natural beauty and laid-back culture. Australia is a destination that has something for everyone. Visitors can explore the country's world-famous landmarks, indulge in its delicious cuisine and discover its rich Aboriginal culture. The country is also home to some of the world's most beautiful beaches and wildlife including kangaroos, koalas and sea turtles."
"Mexico","Mexico is a vibrant and colourful destination that offers visitors a unique blend of rich history, fascinating culture and breathtaking natural beauty. The country is home to countless sites that tell of its past. Visitors can also indulge in world-class Mexican cuisine, and experience the country's lively music and dance. Mexico is also a country of great natural beauty, with beaches, rainforests and deserts to explore. Mexico is a destination that is sure to leave its visitors with unforgettable memories."
"Turkey","Turkey is a destination that offers visitors a fascinating mix of history, culture and natural beauty.  The country is home to countless sites that tell its story. Visitors can indulge in the country's delicious cuisine and discover its bustling markets and bazaars. Turkey is also a country of great natural beauty, with coastlines, mountains and hot springs to explore."
"Egypt","Egypt is a destination that offers visitors an incredible journey through time and history. The country is home to countless sites that tell of its past. Visitors can also explore the bustling streets of Cairo, indulge in the country's delicious cuisine and discover the unique culture and traditions of the Egyptian people. Egypt is also a country of great natural beauty, with deserts, oases and the Nile to explore. "
"Spain","Spain is a destination that offers visitors a vibrant mix of culture, history and natural beauty. From Antoni Gaud√≠'s iconic architecture in Barcelona to the medieval streets of Toledo and the world-famous beaches of the Costa del Sol, the country is home to countless sites that are testament to its rich heritage. Visitors can also indulge in the country's delicious cuisine and experience its lively festivals and traditions. Spain is also a country of great natural beauty, with mountains, beaches and national parks to explore."
"Cambodia","Cambodia is a destination that offers visitors a fascinating mix of ancient history, rich culture and stunning natural beauty. From the impressive temples of Angkor Wat and Bayon to the bustling streets of Phnom Penh, the country is home to countless sites that tell the story of the country's history. Visitors can indulge in the country's delicious cuisine and discover its bustling markets and festivals. Cambodia is also a country of great natural beauty, with beautiful beaches, islands and waterfalls to explore."
"India","India is a destination that offers visitors a vibrant and diverse experience of culture, history and natural beauty. From the iconic Taj Mahal in Agra to the bustling streets of Mumbai to the tranquil waters of Kerala, the country is home to countless sites that bear witness to its rich heritage. Visitors can also indulge in the country's delicious cuisine, and experience its colourful traditions. India is also a country of great natural beauty, with mountains, deserts and beaches to explore."
"Peru","Peru is a destination that offers visitors a fascinating mix of history, culture and natural beauty. From the ancient ruins of Machu Picchu and the Nazca lines to the colourful streets of Lima and the colonial architecture of Cusco, the country is home to countless sites that tell the story of its past. Visitors can indulge in the country's delicious cuisine, and experience its vibrant festivals and traditions. Peru is also a country of great natural beauty, with mountains, deserts and rainforests to explore, including the Amazon jungle."
"Greece","Greece is a destination that offers visitors a fascinating mix of ancient history, culture and natural beauty. From the mythical Parthenon in Athens to the beautiful beaches of Santorini and the charming streets of Mykonos, the country is home to countless sites that bear witness to its rich heritage. Visitors can indulge in the country's delicious cuisine, and discover its lively traditions, such as the Easter celebrations and the Athens Marathon. Greece is also a country of great natural beauty, with breathtaking mountains, islands and coastlines to explore."
"Germany","Germany is a destination that offers visitors a fascinating mix of history, culture and natural beauty. From the iconic Brandenburg Gate in Berlin to the charming streets of Munich and the picturesque landscapes of the Black Forest, the country is home to countless sites that bear witness to its rich heritage. Visitors can indulge in the country's delicious cuisine. Germany is also a country of great natural beauty, with beautiful mountains, lakes and forests to explore."
"Chile","Chile is a destination that offers visitors a unique blend of natural beauty, history and culture. From the breathtaking landscapes of Patagonia and the Atacama Desert to the bustling streets of Santiago and Valparaiso, the country is home to countless sites that bear witness to its rich heritage. Visitors can indulge in the country's delicious cuisine, and experience its lively festivals and traditions, such as the Fiestas Patrias and La Tirana. Chile is also a natural wonderland, with mountains, glaciers and beaches to explore."
"Italy","Italy is a destination that offers visitors a fascinating mix of history, culture and natural beauty. From the ancient ruins of Rome to the charming canals of Venice, the stunning Amalfi Coast and the rolling hills of Tuscany, the country is home to countless sites that bear witness to its rich heritage. Visitors can indulge in the country's delicious cuisine, and experience its vibrant festivals and traditions, such as Carnival and the Palio in Siena. Italy is also a country of great natural beauty, with breathtaking mountains, lakes and beaches to explore."
"Zimbabwe","Zimbabwe is a destination that offers visitors a unique blend of natural beauty, history and culture. From the magnificent Victoria Falls to the vast wilderness of Hwange National Park, the ancient ruins of Great Zimbabwe and the bustling streets of Harare, the country is home to countless sites that bear witness to its rich heritage. Visitors can indulge in the country's delicious cuisine and experience its vibrant festivals and traditions. Zimbabwe is also a natural wonderland, with mountains, rivers and wildlife to explore. "
"Zambia","Zambia is a destination that offers visitors a unique blend of natural beauty, wildlife and culture. From the majestic Victoria Falls and the vast wilderness of South Luangwa National Park to the bustling streets of Lusaka and Livingstone, the country is home to countless sites that are testament to its rich heritage. Visitors can indulge in the country's delicious cuisine. Zambia is also a natural wonderland, with beautiful mountains, rivers and wildlife to explore."
"Israel","Israel is a destination that offers visitors a unique blend of history, culture and spirituality. From the ancient ruins of Jerusalem to the bustling markets of Tel Aviv, the beautiful beaches of Eilat and the serene waters of the Dead Sea, the country is home to countless sites that bear witness to its rich heritage. Visitors can indulge in the country's delicious cuisine. Israel is also a country of great spiritual significance, with important religious sites for Judaism, Christianity and Islam."
"Brazil","Brazil is a destination that offers visitors a vibrant and diverse cultural experience. From the bustling cities of Rio de Janeiro and Sao Paulo to the natural wonders of the Amazon rainforest and the beaches of Copacabana and Ipanema, the country is home to countless sites that reflect its rich heritage. Visitors can indulge in the country's delicious cuisine, and discover its lively festivals and traditions, such as the Rio de Janeiro Carnival and Festa Junina. Brazil is also a land of natural wonders, with breathtaking landscapes and diverse wildlife."
"Thailand","Thailand is a destination that offers visitors a unique and exotic experience. From the bustling city of Bangkok to the beautiful beaches of Phuket and Koh Samui, the ancient ruins of Ayutthaya and the serene hills of Chiang Mai, the country is home to countless sites that reflect its rich culture and history. Visitors can indulge in the country's delicious cuisine. Thailand is also a natural wonderland, with beautiful national parks, waterfalls and islands to explore."
"Vietnam","Vietnam is a destination that offers visitors a fascinating and diverse experience. From the bustling streets of Ho Chi Minh City to the tranquil beauty of Halong Bay, the ancient ruins of Hoi An and the stunning beaches of Nha Trang, the country is home to countless sites that reflect its rich history and natural beauty. Visitors can indulge in the country's delicious cuisine. Vietnam is also a country of cultural significance, with important historical sites for Buddhism, Confucianism and Taoism."
"Guatemala","Guatemala is a destination that offers visitors a unique blend of culture, history and natural beauty. From the colonial city of Antigua to the ancient ruins of Tikal, the beautiful lakes of Atitlan and the bustling markets of Chichicastenango, the country is home to countless sites that bear witness to its rich heritage. Visitors can indulge in the country's delicious cuisine, and experience its colourful festivals and traditions, such as the Day of the Dead and Holy Week. Guatemala is also a natural wonderland, with volcanoes, jungles and waterfalls to explore."
"Indonesia","Indonesia is a destination that offers visitors a stunning mix of natural beauty, culture and history. From the beaches of Bali and the temples of Borobudur to the rice paddies of Ubud and the jungles of Sumatra, the country is home to countless sites that demonstrate its diverse heritage. Visitors can indulge in the country's delicious cuisine. Indonesia is also a natural wonderland, with stunning volcanoes, coral reefs and wildlife to explore."
